{"cameraMode":{"drawMode":0,"name":"Shaded","section":"Shading Mode"},"sceneLighting":false,"audioPlay":false,"sceneViewState":{"m_AlwaysRefresh":false,"showFog":true,"showSkybox":false,"showFlares":true,"showImageEffects":true,"showParticleSystems":true,"showVisualEffectGraphs":true,"m_FxEnabled":true},"in2DMode":false,"pivot":{"x":-18.170000076293947,"y":0.5299999713897705,"z":3.5699996948242189},"rotation":{"x":0.22921787202358247,"y":0.0990864634513855,"z":-0.023457420989871026,"w":0.9680544137954712},"size":4.468774318695068,"orthographic":false}