{"cameraMode":{"drawMode":0,"name":"Shaded","section":"Shading Mode"},"sceneLighting":true,"audioPlay":false,"sceneViewState":{"m_AlwaysRefresh":false,"showFog":true,"showSkybox":true,"showFlares":true,"showImageEffects":true,"showParticleSystems":true,"showVisualEffectGraphs":true,"m_FxEnabled":true},"in2DMode":false,"pivot":{"x":17.931154251098634,"y":-1.5788534879684449,"z":0.8199553489685059},"rotation":{"x":0.055458735674619678,"y":0.8016328811645508,"z":-0.0756281316280365,"w":0.5906320810317993},"size":27.62168312072754,"orthographic":false}